,id,pg_noSeg,afs_noSeg,cz_noSeg,pz_noSeg,sv_l_noSeg,sv_r_noSeg,tz_noSeg,ur_noSeg
0,234,142.53558222130016,41.22705512793068,108.11398305018761,147.8684166217481,96.28068260336732,94.37674017925777,130.43429334475164,35.373570383167326
1,666,142.84057213174594,85.65095720811642,135.50829891715944,165.9284660408047,79.51503405657387,63.54886176661229,124.63058217665666, 
2,1165,158.2675933370333,57.98292426700849,194.82368361222112,95.22704808783062,97.3219832919982,137.34907586262221,52.05755271095525, 
3,3,106.62865358088217,66.95418954845714,57.72759836596988,123.85742486926091,67.36637107104019,75.98075671522957,81.43912851666666,44.99139749594998
4,4,161.88316281135374,116.75032697749161,102.54826468510637,180.17774749066814,75.63929436160258,99.15080049658452,146.47384879012068,43.99630327397039
5,16,107.59333270587219,69.70584007770378,157.09846534699125,53.27601600862066,47.816850650879154,79.33020818996877,18.943746314084205, 
6,17,172.57631820401957,98.48961493792265,102.6548176924461,227.8086046326084,135.12014644359053,117.95401159632229,136.7714269531129,43.740977372931766
7,26,163.25694000220037,60.907112220200005,104.64808959313176,185.54024881604684,129.22966021810964,125.89009771834739,126.10575815221706,23.755930370216696
8,27,146.78601830484632,124.95253109909794,73.13691238720293,152.4151212830969,126.67197635838622,113.76504431155283,159.92226720629588,41.0110206080316
9,46,148.5153979233571,76.07997516678257,101.918506914261,230.44885783490307,116.26572960608239,94.80806104699711,139.41168015540757,48.55316142906426
10,54,211.5944409973949,87.57128422243962,86.96130440154809,188.44849044806978,104.12743924881633,102.43915725857643,209.20684970968742,33.59595891635135
11,55,129.35599117540326,63.94168480951652,91.25283811336516,189.0061422731027,85.18369293473212,76.38496507722834,92.20480932541994,25.012891492717237
12,57,155.8418783105201,72.34184218093817,90.63642686025258,227.8422581378313,94.3753534024014,80.51475346364313,125.67688213640663,45.40357901853304
13,58,142.75124265516985,25.012891492717237,113.10482605947229,186.18723011765584,149.4673691354119,119.60529210584468,121.29357409608458,42.17902633998547
14,61,129.99872137795197,35.211186452967524,215.1474835978661,46.81085476309569,43.413390574573846,96.19481066954711,19.80187243173448, 
15,68,149.3410381781183,108.54530391792697,107.16201183813284,178.51913242535903,84.75237206699278,82.36478077928528,121.0779136622149,45.21359892930199
16,71,194.3019751928331,60.907112220200005,175.14256844487923,183.3313164814915,96.80133294768277,77.12127585541344,171.71367646854085,39.88076452885406
17,74,140.7447338040127,65.78836414966406,91.46078990541868,180.10702832171208,79.27820889589398,75.88074470737214,115.00158887930198, 
18,75,141.92560240040865,128.31469048677238,115.22442891745153,187.10219984899314,97.9319631128897,75.1280039547278,112.62117719587435,48.46383195248817
19,79,125.67688213640663,36.1062686670897,114.318664172048,161.4709812887707,80.68548464045664,98.76791181290284,104.95063465164861,37.201374896926716
20,82,133.97909826587036,101.89463281675374,92.69733447316784,182.78014147292524,85.6609557503546,78.45384585072787,136.49361373142338,43.82557209715689
21,88,127.48799215693862,55.27439674768667,80.66777745640229,173.18629802491108,66.79654037060831,81.4302522325167,115.12893252742252,41.254277200932535
22,90,143.48755343335495,106.98335288498068,94.8973905235732,168.3741139687786,116.26572960608239,74.21303422339051,126.93139840697825, 
23,91,135.386374010433,99.59227485806895,66.51271518697274,167.51226578960433,79.03675855012442,82.70496592331719,109.10174271638049,57.65687919701381
24,94,145.13883394287734,60.691451786330326,108.29264200333981,203.1007030503369,100.78787674905405,109.2446132153946,108.29264200333981,41.44271556180036
25,95,135.9457866983517,61.85908343225478,83.06409007675289,183.24198700491542,105.68939028176263,85.79367275562365,107.98765209289402, 
26,97,146.88603031270375,119.08197777507779,115.6552207476546,172.82919925312927,100.41663790323504,100.07517554960806,114.8308577024885,50.20831895161752
27,106,149.77235904585766,65.28797540859314,119.91028201629044,154.54754162127267,92.94112010360504,97.84263363631362,131.2229321187953,37.67183219429874
28,197,130.3017954740051,108.51552742573494,93.82014642929738,150.5014448355173,76.29819001984244,80.84749448462703,84.9320890952175,51.18980213709619
29,3017,129.5829273611062,41.074560172707805,92.33880354028408,146.7454497141117,56.24742311929039,54.766080230277076,109.09828517362463,31.393193495248944
30,7,154.88953301243592,73.78171335565118,171.71367646854085,184.06762725967664,71.48345154451975,75.99064569020649,106.85702192768709, 
31,167,142.1813023874767,38.50863863363194,79.51965924166355,164.42697111580813,84.25368000579196,93.28024717256439,130.41090290053504,43.82557209715689
32,135,170.97736569035575,122.85552512903087,197.46287873944323,99.22592571610775,103.82244933837056,167.5484737140174, , 
33,229,161.3529975780908,61.21210213064576,112.36851528128717,149.12537774424865,88.00260509017897,105.9050507156323,139.0696887642443,41.44271556180036
34,3027,130.48662134061018,83.62174190178582,104.2167687253924,164.29824069083122,94.80806104699711,91.98914889155027,93.03044958018114, 
35,145,114.90157687144455,39.19156334088591,126.91342670415577,51.51558268832275,57.65687919701381,87.40969384854424,23.199336620256318, 
36,23,155.0507493003019,79.44059282609378,36.884689764372666,236.66071856104332,134.3863900845956,131.16954604786415,116.86443367514063,35.149188616654556
37,276,161.3529975780908,48.33750099519458,107.68266218244827,169.1997542235398,102.87047812631579,119.30030219539891,131.9592428969804,43.740977372931766
38,159,182.8476676178936,149.3780396588358,118.5639914172138,214.01903376581993,75.34366438859747,83.49541094449224,154.58454310199014,38.71313288292961
39,202,110.41224486131902,42.26835581656155,85.92000371291724,118.5639914172138,68.14388904475749,69.18518973338836,103.73311986179449,50.54643332974991
40,161,179.68676407128348,103.82244933837056,76.16930464335867,166.38084206809296,77.4632672465767,90.8585187263433,173.40195845878077, 
41,172,170.36738586946424,85.61501380247148,92.38346827857211,238.60060439079783,122.46120574200901,121.41990505337814,146.82711593311723, 
42,140,163.3252143192275,149.30509477247335,203.1725898616268,72.03387838102722,91.03717767949549,136.58660108650784,44.21696297895915, 
43,1,148.0034689116848,92.54935513577338,140.74563692757837,192.29487312112403,102.99319658934664,110.75934509086267,131.3492630760889, 
44,176,134.90448600972084,91.37916907065875,107.89832261631794,168.67910387922436,99.7465760604232,95.84936173562798,97.87963511703113,42.17902633998547
45,191,155.8418783105201,54.671596531075025,162.6368066875638,77.97094515918876,83.25858578381236,142.76421508687324, , 
46,124,197.37354926286713,162.8626206151785,152.89626111175025,226.73030246326002,79.94018801086028,81.32348009065443,181.98502588241487,39.14445375066895
47,3041,164.29824069083122,113.96746779495099,149.12537774424865,214.01903376581993,88.73891586836407,93.3354394906269,136.7714269531129, 
48,3018,113.96746779495099,57.04689937612228,83.49541094449224,150.0773489563034,100.26722640473862,96.496343037237,90.73218776904973, 
49,311,166.0758521576472,104.55876011655567,94.28741070268168,189.8317825278639,103.91177881494664,121.16724313879098,120.89925470906272, 
50,77,152.5912712013045,38.19248253861417,120.3416028840298,175.91588070378182,80.6764987890454,77.42626576585921,151.8549604231194, 
51,238,138.5423878531853,81.78059087029365,159.89297436739457,189.23360749634193,74.81493131643649,86.4853187955207,117.40395884584422, 
52,414,142.31992178743047,85.83067423634115,150.4716683433253,150.9923186876407,81.4128095672305,59.95514100814522,120.77292375176913, 
53,96,167.33281328014775,61.94841290883087,109.9809239935797,150.38233886674917,99.31525519268384,107.59333270587219,152.98559058832637, 
54,233,131.40599712251463,82.77568509227325,110.43829929198706,183.26304216446437,66.61272719483016,76.39293823781261,103.98483326857037,40.59883908544855
55,177,154.57604090386957,51.68631386513623,54.08868383167848,200.4918134528431,116.82104614644767,133.53762390438595,129.0036271559724, 
56,165,153.0273268213948,133.59620958218866,73.81983709445689,176.63884496423418,86.99751232596118,87.40969384854424,131.16454677674506,43.99630327397039
57,149,146.06166726753762,118.81123459040687,108.68956119379745,179.694846799129,113.42358195792585,105.22137783631953,116.65031496963418,42.8304778751773
58,119,138.54903841992888,76.81628594496769,103.5174594279248,152.89626111175025,80.80282974633899,86.44065405723266,114.70377857313609, 
59,218,126.10575815221706,72.65108319044421,95.54437182518222,163.77759034651578,79.8508585342842,83.71107137836191,98.27395450405298,46.03923918406318
60,98,151.2833544658575,61.421384036048,96.78304382233851,204.24246996715559,93.4648357509487,118.95524550120743,103.62074303672986,44.8303436790989
61,298,162.9519500917546,98.920935805662,89.25956621267952,215.18666541174437,140.32664988674483,135.85645722177563,113.66247788450524,50.76209376361958
62,3009,154.36888266812048,104.46943063997959,113.9304663142335,170.15172543559456,96.97999190083492,105.47372984789294,123.80749634108565,43.22032702861633
63,31,159.48605663469874,93.76676035836626,133.82618384037247,191.3937335608102,101.30852709336949,94.07175026881201,144.83384403243159,44.47728815111687
64,116,194.52124812096554,115.24303922507154,176.8510024711024,76.53437657572476,87.89259454008335,184.42886756325746,47.22303628567874, 
65,3310,178.18755904670897,74.54418813176558,202.11124670427395,69.25654750714196,80.78549664831405,158.82716097645888,43.413390574573846, 
66,304,145.2651649001709,42.484016250431225,87.60828570315712,183.54697691536117,103.91177881494664,107.89832261631794,107.89832261631794,26.79050295953321
67,3026,99.83590553699928,31.602687015665705,76.07997516678257,108.85029382837273,85.18369293473212,77.03194637883736,89.69088708041886,23.755930370216696
68,247,182.20068631628456,78.68322688835974,47.08053987269404,215.14966393102685,100.05156597086895,110.50157433789512,167.5484737140174, 
69,150,150.9029892110646,63.20537403133141,74.60735361041236,195.16461692831183,79.1145477560991,76.51129603452193,120.86225322834522,35.89422072748276
70,156,145.35449437674703,68.44887895520324,106.55203201724132,203.0113735737608,83.8374023356555,71.48345154451975,118.86898132765958, 
71,195,198.26017466311433,145.40803539918505,143.07638460159887,186.2190319915018,106.28719122725518,107.38229745709222,222.45460550535026,49.04249355282443
72,131,149.04694993347644,59.234886118389944,113.15283877325491,201.55762684377876,76.80511976039567,71.58819830472814,116.82104614644767,43.413390574573846
73,207,135.85645722177563,61.12277265406967,119.17397123810534,166.50717302538655,83.92673181223158,101.61351700381525,113.87813831837488, 
74,174,149.98801947972734,106.767692451111,114.05679727152707,202.61705418673898,87.60828570315712,68.753868865649,109.15528373881848,50.45710385317383
75,236,176.43397662890712,77.8848087066004,128.53545975902242,206.2405514373981,107.79665931283603,122.96952225941861,146.77628428137626, 
76,3006,145.57015481061669,118.90598280837708,121.38290357266065,172.44998724672598,100.14089544744503,93.55109992449657,134.90448600972084,50.76209376361958
77,221,118.77965185108347,98.66827389107482,153.11192154561994,62.16407334270055,64.67799558770163,101.82917743768492, , 
78,49,165.77086224720145,84.96803250086245,69.66883859698628,196.42157805081234,111.84786493697175,102.43915725857643,137.07641686355865,33.59595891635135
79,8,164.29824069083122,54.837967041566955,83.92673181223158,141.27862109879962,105.7787197583387,107.98765209289402,163.99325078038547, 
80,5,171.84000742583447,62.4690632531463,101.70284648039133,187.71217966988465,74.3916931765427,72.0041018888352,151.6392999892497,45.21359892930199
81,3030,137.27463463214215,85.39679894941162,134.49166588234024,180.36968877853747,68.45760028784635,80.48806042817756,101.0779784134038, 
82,3300,131.3492630760889,77.24760681270703,100.05156597086895,181.98502588241487,76.6899549876741,82.2384498219917,104.343099682686,42.484016250431225
83,122,151.6392999892497,86.35132458065658,105.47372984789294,215.79664523263588,87.17696483541776,94.50307113655136,118.04334107289837,45.949909707487095
84,210,173.70694836922652,113.87813831837488,124.29114520468357,193.04501407033257,100.66154579176046,99.18892423539025,156.32515308808863,35.89422072748276
85,187,145.87514472106244,41.01139469406101,84.23172172267734,154.1162207535333,29.304425204534294,38.62380340635352,122.94485460560695,32.338997793850815
86,3039,170.36738586946424,116.60772099724566,145.65948428719278,199.63480959328106,97.62697320244395,92.94112010360504,155.41018335675136,50.33077289588023
87,14,145.4438238533231,51.37207358451109,104.2167687253924,177.56716121330425,117.52269072858293,142.62491169787626,129.44532065197933,51.28274410793502
88,212,135.85645722177563,29.914405025425815,112.49484623858078,153.41691145606572,52.75536566430523,68.23321852133357,112.40551676200467,45.21359892930199
89,99,172.07555537691925,102.8190078697773,139.678920413077,196.16997421129773,113.49430112688192,111.09193116033968,159.75153602948242,41.423202130614655
90,227,208.3818480597238,59.30560528734601,63.35670134422047,130.38161006163367,116.4795837928207,112.91138842748538,210.95494920307956,44.40848479655344
91,3007,128.09903005290272,58.393189975198915,97.10632285812852,104.64808959313176,58.60885040906859,42.484016250431225,122.33487478471544,30.866376237480598
92,103,151.1078575463917,68.67363480774543,109.68465541577703,160.1344247131641,92.21443378162873,95.4118739544357,136.6936377471382,46.227942063699146
93,76,152.10295176837127,89.98279499189996,112.66993808171581,169.74390457933308,93.62170952619138,99.42154368125544,145.99094809858158, 
94,134,142.84057213174594,85.92000371291724,101.918506914261,175.17956992559672,87.17696483541776,84.14239224610125,138.28104999020061, 
95,112,200.49745132875972,199.70881255471605,110.07025347015578,227.28795428829295,132.56922271787192,116.13939864878883,176.65219148196695,45.734249273617415
96,33,179.79485880698644,70.56381124384718,175.1315572118141,252.61960167946373,78.21239550495831,76.80511976039567,154.91750325749658, 
97,203,162.30496879014558,70.10015946472564,111.11155415878665,231.27449808966426,82.54343973243745,60.1708014420149,146.3064655888018,44.47728815111687
98,22,181.17284171264774,127.0134387120132,110.7504688067127,182.65083662616644,111.09193116033968,107.45301662604827,174.79009485818713,45.81576054111609
99,143,141.4942815326693,78.07324706746823,82.75910016630712,212.33075177558,98.70527537179233,111.66920598381957,119.60529210584468, 
100,125,190.7837537399187,105.0794104608711,105.25806941402327,241.11452663579894,150.38233886674917,132.6955536751655,157.18779482356734,35.373570383167326
101,3033,154.67387257856626,63.29470350790749,137.3814067740044,184.2832876935463,59.86581153156913,61.12277265406967,145.87514472106244, 
102,11,141.6691088570362,59.30560528734601,155.91259747947618,181.17284171264774,96.60699219213016,101.8239136477977,118.05759071419685, 
103,66,176.2208706142276,90.73218776904973,135.38813487331876,156.84580343240407,85.70434327904755,108.2033125267637,163.6512593892222,42.6996766843009
104,205,160.78805658151674,75.39784401583303,103.61407807604205,198.98452570042303,111.60412469078015,120.14779116601343,130.38161006163367, 
105,356,152.44441412199825,112.42848773594625,112.08702538231927,201.38689566696527,80.51475346364313,79.86112159529053,130.14015971586412,51.03268199678362
106,104,188.2698314949176,46.34422909450893,134.4731651419815,217.44792574215828,112.10052685155891,97.3219832919982,180.42307484946858, 
107,160,144.707513075138,61.94841290883087,104.2167687253924,161.2266666207972,74.82301404428203,67.49690774314845,127.88336961903303,36.10988116135243
108,339,133.69835653896124,44.83055529411341,116.25084135998638,208.2610454110856,70.91196954846336,67.23041565753783,101.33213667210862,36.45081447744314
109,86,244.45408913556122,130.09230195358836,205.95661668650123,268.4780079355061,143.0562325656156,138.85402833037463,253.55780690351074,46.03923918406318
110,214,126.00664926792531,113.21371435147968,57.18961492362951,189.43746314084203,105.44756584996367,99.34247726568569,119.90156068364733,45.264430581042944
111,3028,171.4086865580951,134.42083714612292,158.62341489922002,163.95624929966795,110.71723477176481,89.69088708041886,157.58211421058917,43.22032702861633
112,3305,138.54903841992888,33.164638048612,125.45877685060803,168.58977440264826,89.25956621267952,73.26106301133574,120.46793384132337,29.609415114980056
113,3038,152.34440211414082,75.81002553841607,109.9261057615466,152.3151092752395,121.86723642530174,114.318664172048,143.97146681572104, 
114,175,204.14200373896776,69.5795091204102,157.06146386627373,196.29524709351875,111.45354554994991,119.08464176152926,207.73422815331722,43.00466659474666
115,141,165.03455146901632,47.3855297831398,141.27862109879962,249.050612757824,122.02988487426968,112.18985632813502,144.31319368811614,36.63053150566787
116,3099,207.94037369823937,133.66692875114475,150.52494484699514,226.81787107695033,100.79952658691674,108.34809884017044,214.90603325209653,62.04943760751524
117,326,148.46403723407988,137.71802480801918,120.87214220332213,173.4828311214819,97.08989288366926,96.26552983850317,116.92105815430511,46.98158593990918
118,148,164.5139011247009,83.40608146791615,134.04184427424212,244.49109061627868,79.33020818996877,83.92673181223158,139.59033910855973, 
119,1232,165.95930060806924,51.62367742402572,75.68459770468817,188.86747748890326,90.52886116208589,96.70839097684393,161.00695542361973,44.65083826588869
120,3097,170.1853789408175,57.8276103738273,125.50615095959313,197.4065187790469,65.1054394424101,89.81206381508649,161.4002621198146,28.416258075923853
121,498,135.11563082576208,43.07192822094686,118.5697842446373,214.32312055269998,105.70427852785863,96.09479866168968,106.79938475769568, 
122,3095,124.19670688972712,66.43710631415884,102.96236202208208,145.1896655946183,81.46108679978128,85.36596438214703,97.06782503329339, 
123,1177,136.48132528876314,62.17279467534363,68.96591680525594,146.34240899444674,79.26087579786905,70.19310143556446,142.84057213174594,41.328718431412604
124,1183,129.76264438933092,35.83722216228889,166.03374183854933,81.86412751944623,82.91159512153,103.24735484805144,44.47112123766396, 
125,1244,141.91055920280579,93.13880883465225,75.36855117693167,183.50449251023392,89.4706014614595,78.45384585072787,117.95757870633942,49.454675075407486
126,1247,152.5151332909543,59.47633646415951,95.82405547701876,144.96656103770061,89.299870284646,99.2215196655406,142.15200954857534,49.454675075407486
127,1151,174.54864451241755,96.26552983850317,82.5756610765584,199.29669521514867,79.44894007270747,98.52646146713327,167.75371613537388,49.04249355282443
128,1205,122.85552512903087,100.69854727247798,114.36178718197283,157.18779482356734,92.94112010360504,96.58567251381308,101.39785656994557,49.810122551564795
129,1230,142.31992178743047,99.22592571610775,93.11977905675722,164.72956155857057,72.61408170972672,71.69911197838942,116.17640012950632,44.47728815111687
130,1192,144.707513075138,89.99587699086462,80.76582826562148,159.0547357669594,90.42719785860398,87.60828570315712,137.29207729742834,48.98448229680361
131,3043,146.77628428137626,40.53540908803362,97.14226626377346,155.7387828459362,96.37979148765906,113.54231384066456,118.52549359237868,27.128881856433736
132,347,130.89380359207416,96.19481066954711,115.96739026238022,165.86353969927214,102.8190078697773,103.50193257703124,102.8190078697773, 
133,1212,154.91750325749658,113.11141244320022,120.1184983271121,222.04242398276722,82.1927723928767,77.62948280556176,131.3767042836133,68.1907341162063
134,3321,144.32191502075923,89.66111058822682,106.53864011526294,171.450796877193,79.62030985431852,79.00671753916426,121.7423376291101,52.850862054334236
135,1225,122.33487478471544,59.86581153156913,74.91234352085813,159.14406524353547,47.29620030656372,60.386461875884564,97.62697320244395,38.19248253861417
136,1239,144.42719081850393,88.79336001436778,99.67107675487057,165.42014952339508,128.71517678724712,111.80681269294642,129.3287691024014,45.69830586797247
137,1238,138.28820236393312,24.637036538657657,86.94692703929012,203.83786028858006,103.12986918460645,111.58396357794778,119.27443746629316,32.23486772498772
138,424,156.6671444792519,60.1708014420149,102.74414716902218,168.58977440264826,89.90654751428852,94.62940209384494,140.6686412779081, 
139,3036,175.03154520395665,103.98483326857037,148.70548757984943,195.17487998931813,74.81493131643649,95.44116679333708,184.91176825479658,43.24265939776035
140,1224,144.17149083143588,91.7315330900896,104.63846513692299,184.81175624693915,122.79161147832524,118.1283098831529,128.52072646443327,44.23775361973995
141,3054,134.53271812636555,39.84519520923852,90.29496450662559,163.09041454020155,62.87380065268134,67.67854058576583,108.96030437846835,27.591895030757748
142,378,146.7445919747916,111.19194316819711,103.88482126071297,163.944070424269,113.97720181842105,121.08429971019032,122.35013711684086, 
143,393,162.52062922401524,67.80189765359421,88.73891586836407,237.2543137917212,98.0582940701833,80.89215922291507,127.88336961903303, 
144,655,179.25544320354413,134.2575047081118,218.18423652034338,120.46793384132337,104.03810977224025,158.2290955121982,33.38029848248168, 
145,372,134.16817523153574,59.43449066382979,105.16873993744719,174.22759871354197,73.04540257746606,71.57278102109585,120.55726331789947,41.44271556180036
146,547,151.6392999892497,100.17789692816254,102.52848673515251,192.1300443389953,105.68939028176263,105.9050507156323,127.66770918516336,49.50513264111904
147,3098,187.10219984899314,91.6841589811045,229.49688662284828,186.23955811351445,93.64042940107265,79.33020818996877,160.83234723377535, 
148,494,134.90448600972084,51.37207358451109,110.07025347015578,185.8822402072101,65.93495671020216,82.9747606001768,111.45354554994991, 
149,470,143.2000061881954,80.48806042817756,134.1322318258908,178.9627871200042,87.7150578450194,83.01687091927467,120.26099474009678, 
150,581,178.64546338265262,90.42719785860398,120.68359427519304,233.1784405137738,84.87870302428637,88.12893604747255,142.1935908301369, 
151,3052,141.01547698868362,180.7606601900647,171.49264267752272,60.40071151718303,66.02981449543363,120.97215421117957, , 
152,493,134.53271812636555,51.85704504194973,96.02407949273362,174.03645098197708,73.40765557187383,72.58329252670772,106.45792240406868,23.61151814283937
153,3055,132.88399203603336,60.12996833251212,130.58163407734853,150.62495685485257,133.80836708905687,135.386374010433,69.8394602065385, 
154,429,178.35829022352246,194.35051694415202,97.16061205262534,215.8718346351748,102.47754551615029,105.87500970467214,161.88316281135374,43.0012090519908
155,371,141.18929162222355,104.343099682686,56.9205684188287,151.2079791215104,105.38440037131686,109.37094417268816,115.65574978519088,45.734249273617415
156,631,128.8204525849918,97.06782503329339,81.02721151285175,143.3797232164201,85.03736489296217,79.69475108479858,123.94254863102232,51.54923619354565
157,431,142.01493187698472,84.44738215654701,103.39112847063122,191.08874365036445,95.45504234860613,81.84413043496986,124.41747616197716, 
158,460,181.94802440169738,56.18425764064359,88.5232554344944,150.77665825377105,85.61501380247148,89.69088708041886,172.10799585556273,38.408142972483844
159,583,174.1593243965148,87.13230009712973,99.74551798535063,179.03722835048427,68.63731731607108,66.46794088142343,151.2203129484162,42.73562008994585
160,519,167.6378031905935,103.82244933837056,102.87047812631579,201.5387520173906,90.9478482029194,93.2461100140508,144.40252316469224,42.6996766843009
161,507,136.6610423169879,75.28155698502324,96.09479866168968,180.1899717503127,94.61345577267636,79.94890934350339,108.1560933692855,49.88817627630761
162,3056,193.8676162526129,161.50027412767204,130.4816220694911,222.35459349749286,94.03389104877442,101.99464482461119,195.68707351975863,43.82557209715689
163,3315,180.11808493902282,106.98335288498068,157.36645377671948,176.65219148196695,109.46027364926424,114.18312822882066,167.02782336970196,67.49690774314845
164,367,150.06756954858776,81.8949620867108,81.53552803026136,203.63729971582092,87.10146552986514,89.37611776225745,88.68808421662312, 
165,3053,183.09231098765088,114.17722583413587,144.89584186874455,203.27707210306704,97.60208641410975,98.1849991135063,172.17556738477666,46.227942063699146
166,3320,130.61295229790377,76.20630612407616,129.57165160927292,174.6589195812813,105.81572123905622,105.0794104608711,108.11398305018761,40.40141487316949
167,476,180.72806475991433,76.60062551109802,175.91588070378182,131.61725150581714,116.78637995039783,150.1666784328795,38.408142972483844, 
168,3046,173.65356229829538,98.52646146713327,87.3096818406868,237.86391952658335,92.04370260481522,89.22915111568994,134.3912797884534,43.6548409203434
169,384,156.2779339306104,37.75244033823172,110.83378632134273,192.72874840805355,96.2745156899144,122.7153640007138,123.22368051812343,33.054253412486986
170,495,133.62391530848117,116.9697094728853,104.29482245013521,164.5832335168006,87.02702429938508,89.55583479048217,108.84412691491983,45.8780228961972
171,3037,131.88889781405373,90.63642686025258,149.6005697939716,106.62865358088217,106.04574088148564,123.51596251563393,24.02369966542242, 
172,380,135.386374010433,106.65794641978353,100.31662589537761,147.39822384314422,80.27330311787357,84.83659270518851,111.02121199138361,46.569404417326126
173,452,175.402300396485,142.52276474110366,131.71816663724027,228.08370848360084,96.60699219213016,98.32643745141843,149.31769311814736,48.801043207054875
174,409,148.6047273999332,126.87907041111966,104.00110829152273,165.33954137946208,90.60585681175614,59.65015109769946,135.73012626448204,42.17902633998547
175,3325,150.35421367018165,68.33217245411845,106.04574088148564,180.07773548281074,65.1054394424101,83.4000241217245,130.41090290053504,38.43791946467587
176,589,176.00521018035795,97.01699338155244,129.01399978423999,226.2466535996621,114.91943900700578,123.37617547334631,150.50866982404278, 
177,444,196.0795866596491,193.38700546149585,146.39579506537788,210.51613882804654,131.86991342040432,127.88336961903303,188.87981131580912,44.99793849543231
178,752,133.53762390438595,96.60699219213016,90.4656956834391,193.596873067942,62.87380065268134,63.285982175264394,86.41459962656464,55.183790061515495
179,317,175.7002202699122,84.78937354771028,168.46344344535467,220.05117746373548,117.21770081813717,126.10575815221706,125.89009771834739,54.10165626338185
180,464,188.72141396590143,67.43709023999627,181.41429205841732,201.21616449015178,99.90444437279457,111.33338150610925,182.85086064188133, 
181,432,142.48113807529649,105.52200708044373,135.07442363022992,99.41691849616576,99.23720146794103,127.66770918516336,42.30174480301632, 
182,3010,182.43867911929826,38.096457111048885,191.60668462398283,103.64337091494338,106.79938475769568,160.71733741256065,27.008982331361203, 
183,660,190.2994208872776,94.68752291712703,167.51226578960433,231.9640733636618,84.665861528375,103.16047022340426,175.88520108802413, 
184,483,128.1883595294788,97.3589847727157,88.21826552404865,180.33374537289248,67.49690774314845,62.684723687015975,101.82917743768492,48.55316142906426
185,737,146.43279654609537,97.01699338155244,128.9246703076639,196.85289891855172,79.72452757699061,82.75910016630712,132.60622419858944, 
186,433,145.64948574495457,125.70617497530796,100.38734506433369,210.68420601840864,92.04370260481522,82.84640426122931,111.09193116033968,48.21813050765833
187,3015,188.962864311671,71.41746712791463,185.80685046891873,200.80398296756871,102.06536399356725,108.41881800912653,171.0097419859836, 
188,449,133.2254543896603,61.80798726174569,87.23896267173075,181.2021345515491,114.10650666517984,101.99464482461119,107.28228544923479, 
189,322,140.23732041016876,73.081345983111,137.603234121327,173.90516613781003,105.26784882173894,93.05767165318298,118.77965185108347,45.69830586797247
190,3103,137.61801280016175,52.51067691030234,70.15162972126414,169.16099187993655,124.19888722288792,117.88685953738334,116.82104614644767,39.02083216407242
191,469,154.36271575466753,110.25102857345306,37.75244033823172,167.11204400789768,107.00334996945705,104.4000982478799,138.21682643648126,45.95246412667727
192,3309,181.20660478513193,105.01369056303415,104.98285599576954,221.0539803275312,84.6779308365127,97.06782503329339,164.29824069083122,43.603370663804895
193,549,162.5660875186077,131.50600913037206,94.75824208608309,183.91667403281696,99.49226285021152,103.23118939236033,130.41090290053504,58.410523073223835
194,473,239.5833647858716,104.63846513692299,120.45996068073907,253.07320953210152,96.67771136108622,105.4628281820891,217.89131591803533,44.82066631913649
195,552,161.6417124655842,74.40274979385343,152.7980099667786,196.75288691069426,115.89667109342416,103.64337091494338,121.86723642530174, 
196,523,158.82716097645888,117.16250850007468,71.72963664264027,211.33783788676124,93.45097834937788,91.70224025118824,123.928144038217,42.24756517578076
197,535,205.04420137435417,73.5896625005206,154.61687401337235,196.96222547960417,115.48836658387197,103.0676378198267,200.31517988134482, 
198,3327,128.6621648023454,64.79326992768446,80.10257194106009,175.23156921967154,92.79734648102527,100.00445638065199,131.88889781405373,37.030643720113225
199,3016,160.22236741288384,108.85029382837273,143.1455620421917,192.56136520673465,93.76676035836626,91.77348845768059,138.76469885379854,49.28947220724937
200,3049,193.0820155510501,120.1629439308776,81.71779947767627,222.56509970873654,104.43242915926209,112.06352537084142,156.8828049131216,41.44271556180036
201,466,136.37710756609104,113.14182754018978,101.00353718292374,158.74974585651364,105.81572123905622,102.34982778200035,106.03138167292589, 
202,715,136.6936377471382,116.72103413859027,143.90074764676496,70.25164172912156,80.27330311787357,119.63559763557298, , 
203,496,147.13210584356298,44.782278061562636,113.0154965828962,190.65742278262508,92.29413880199603,101.82917743768492,111.88486641768924,36.414871071798196
204,534,170.15172543559456,46.86487943882437,107.25134131470892,168.76843335580043,87.26629431199386,75.1280039547278,149.86168852243375,50.54643332974991
205,3328,143.48856612418192,38.85010098725892,76.46365740676869,186.6605063529862,118.95267292831902,110.77976164561404,115.07230804825805,37.61355641950976
206,484,157.92410560175244,76.60062551109802,117.39635977128937,196.42157805081234,82.45411025586137,84.5367116331231,118.99531228495314,52.629034707011634
207,691,155.94189031837752,83.77077931425283,150.35421367018165,232.20552370943136,66.85417754059972,69.32726667609803,143.6592973009954, 
208,472,153.92884046773804,122.20704748330422,115.2033737579026,174.59319968344434,81.10165274333183,77.27121639144615,129.14905207417667,35.58306390358408
209,511,135.083144962873,36.93552141611362,97.84263363631362,175.26889940217282,104.43242915926209,100.87720622563013,121.59856400653034,38.92879331679928
210,3326,142.4462527447241,77.24760681270703,111.97419589426534,177.47783173672815,101.09286665949982,96.06502216949765,122.02988487426968,21.97831890340072
211,580,165.1659912646903,24.67451259581671,143.27444741867546,251.0711067315115,95.22704808783062,91.03717767949549,150.24728657681248,58.34235832345796
212,3060,165.77958357984454,72.90162895488628,97.93557560715244,221.308138586236,77.34565762192621,96.52867394861921,154.7965910415971,36.01693919051361
213,3061,202.31206427629323,119.51596262926859,193.9076558058113,193.99698528238736,111.66920598381957,100.23022492402112,191.73572495197348, 
214,3059,144.89584186874455,74.40274979385343,107.79447897967526,174.54864451241755,104.4677339601095,86.17314928079509,137.03510010076522,45.6450293643026
215,527,156.71180921753995,44.03724595073443,81.25053520429196,189.40662857357745,99.85079378309528,106.03032359785335,119.82711945316727,47.79324107214004
216,486,179.11193409973248,112.08702538231927,163.14900021800423,110.4090064530857,100.24590672642155,174.307194166648, , 
217,506,165.89719320449504,47.816850650879154,199.8874715078682,212.45708273287363,112.71050667245045,112.79983614902653,136.46643704266714, 
218,932,144.32191502075923,38.36603265338598,98.87776741149158,174.89096460536462,76.73206530677196,75.07100538953392,134.8947066020052,24.420354337111913
219,323,172.05566785970413,61.732752474961195,170.4567153460403,216.4066250535274,79.1145477560991,72.09343136541128,147.25843680085657, 
220,438,163.3560488864921,69.75922614863494,128.46101852854233,196.73890178816396,89.30167653177737,79.11199333690891,135.17969942797458, 
221,3312,200.1031319417379,143.82954482451822,152.33860928671734,159.27039620082905,78.07324706746823,75.64865429904323,200.49745132875972,54.10165626338185
222,386,150.86640720062212,45.06211666490606,88.13404488585292,145.9616552596802,44.82066631913649,68.67363480774543,133.39618556647383,52.19850739557671
223,341,151.27858872320516,43.6548409203434,86.4853187955207,181.78504725094564,113.25285078111236,121.2843237259052,93.20952800360831, 
224,330,139.33745805945003,113.0114004353428,84.15366799793453,142.29344788648746,96.26552983850317,77.45875162874829,113.76504431155283,44.40848479655344
225,307,145.2651649001709,50.635762806325985,96.06502216949765,166.38084206809296,109.8915945170036,115.65574978519088,127.3627192747176,35.89422072748276
226,302,186.1483128225457,105.80429053571608,139.99108992780265,226.06422720074028,82.0220412160632,91.2900587286052,180.9313913668782,52.26922656453277
227,337,148.53475640303594,84.42441118260545,66.10053366438969,217.4791343954523,99.8337252038385,97.84353675987931,123.68669369244742, 
228,3307,137.81272764174375,46.34422909450893,76.90561542154377,176.52586052467336,81.4128095672305,78.89888732222943,113.44681745063556,32.64398770429657
229,283,181.8557664199017,88.50480007838127,161.20023810409978,186.73122552194226,104.53845312906554,105.05064665950604,144.48366034616149, 
230,312,180.61922185215255,98.35573029031978,113.76504431155283,230.6568096269566,85.41950540458505,78.28311467391438,145.99094809858158,48.14741133870226
231,285,154.2425517108269,56.61557850838294,96.89066242425884,229.49688662284828,73.04540257746606,77.85758663359856,124.97512798701011,42.6996766843009
232,252,151.0371383774356,59.405617295203434,125.91833248217617,187.72631974392186,73.30764356401642,83.74148647535148,126.43052601261665, 
233,359,127.23383389823383,71.6000030940977,76.80650653725202,185.93562627814123,57.040732462669375,58.52207535168268,120.33543597057687,43.78308769202963
234,3314,146.00147567835603,106.33637158337164,135.2094759201666,147.13210584356298,84.75237206699278,69.70584007770378,129.87664151971867,39.449443661114714
235,269,133.51863951073653,90.70857819031062,109.7118774887789,193.67094021239268,98.98304320923624,96.8136667745886,102.55932130241712,56.06770609106565
236,243,172.57631820401957,129.6979825665665,173.8332793265201,218.4892264307892,86.00933318949332,84.75237206699278,158.2660969929157,51.803394452250444
237,340,140.23732041016876,92.94112010360504,108.63463339450306,173.61761889265043,102.13416734813067,117.95401159632229,101.30852709336949, 
238,250,185.14231693476225,50.14233453501241,127.66770918516336,200.46406234230497,67.84400797269208,65.03020465562561,168.20311827319696,51.36951916532092
239,268,184.528724619608,109.20356097136927,160.25725274345623,198.3691271381374,121.56262060088538,128.13241903935747,167.69480175578738,50.9356438783914
240,482,258.7119823508065,151.54997051267364,73.65538239835759,215.23899340760295,71.05213067678042,61.517092041091516,272.41222374101886,56.18425764064359
241,3003,146.52212602267147,77.19677516096608,165.52542532113972,195.3628346968953,102.99319658934664,99.0883190069809,122.96952225941861,32.69481935603753
242,321,162.05389398816723,128.34999528761978,163.87335125531294,176.9510144789598,112.1870373901767,107.5530286339057,141.76912086489364,40.59883908544855
243,355,156.8369725324997,142.69349591791715,148.70548757984943,185.73613129996266,104.53845312906554,111.67484385973623,154.1931522201879,48.45958085342789
244,3021,153.5102275129339,41.83538365319771,194.1090665983825,220.53513623034715,88.06332571689686,103.4726397381299,123.61597452349137, 
245,314,159.95948782153596,69.50506788993012,112.92872152551031,197.27805287283815,113.36259681243982,99.67107675487057,137.78295114955174, 
246,385,181.75575441204427,61.46652490811869,126.25979483580318,222.7667750200759,77.45875162874829,83.60004813743936,187.41415022919622,43.07192822094686
247,288,148.82038783380287,71.69911197838942,93.76676035836626,160.31169688945994,72.09343136541128,96.89066242425884,128.31469048677238, 
248,3024,154.1931522201879,105.73357136676,150.93712636957818,180.44849067533906,112.49920690490232,121.38433573376261,125.84761331322011, 
249,524,158.0134350783285,37.97682210474449,102.95980760289187,209.38550866283958,104.95307950357751,96.45934155651949,135.73012626448204,50.54643332974991
250,3062,178.31686389346774,112.28704939803411,89.4706014614595,219.39860367045543,93.35096634152045,100.24590672642155,148.15186771935427,51.03268199678362
251,525,150.11276332441207,95.71190997800798,72.72473086461987,213.25730716176434,103.30190856131642,106.79938475769568,116.82104614644767,43.58412175138734
252,755,140.60329546610055,108.30667251011572,105.02135382060467,168.26590966581438,97.26062406048277,73.4783747408299,122.69159947046782,38.43791946467587
253,3101,188.5388779997184,86.15927372552602,163.07105606052272,167.8745187840121,111.37293740601692,108.48469285847038,163.43049011697215, 
254,3063,169.74390457933308,27.833345376527312,154.33459055810005,54.742315700031085,52.68140808711584,169.74390457933308,41.423202130614655, 
255,183,150.0239628853723,51.010085108871465,113.4678726101845,174.23376562699488,77.8848087066004,81.10165274333183,128.8204525849918, 
256,358,146.88603031270375,75.39784401583303,109.9261057615466,214.90603325209653,91.04860838283564,80.03185277210402,109.44320507000748, 
257,3331,128.46101852854233,40.46096785755355,41.76259371834213,155.48462458723142,50.322051563237146,55.88798906284093,109.7118774887789,42.30174480301632
258,3057,163.84405841641157,69.8394602065385,45.81576054111609,188.962864311671,141.35693934231057,116.4795837928207,98.90935015081497,34.21609223098793
259,684,162.9489762022894,73.4783747408299,105.4628281820891,143.45927328528055,73.23692439506034,62.70306947586785,147.1274806584733,46.81085476309569
260,3317,153.63257188993538,69.27451920996444,169.7204045678552,149.12537774424865,91.46849854723483,89.99587699086462,130.7392832551974,45.734249273617415
261,563,137.8882269472964,115.4575320166074,47.86768230262011,167.62036052530732,94.7931728009011,92.18992107932392,119.10825134026835,53.28473734126376
262,557,162.38302251488838,103.3526306457961,166.3931758949988,179.4711036374138,93.92542222704203,124.2711481202072,133.3389224825118, 
263,611,174.4779253434615,70.08091055230807,92.52660329635435,202.04052753531786,132.4010913444942,123.68669369244742,142.3934598943449,46.64012358628219
264,670,205.29655338592758,205.5087108927958,229.53241055821817,106.77009191879431,105.22137783631953,184.8410490858405, , 
265,731,151.1078575463917,67.33707823213884,211.33783788676124,77.45875162874829,70.59310408274854,141.49837768022272,38.26718828786238, 
266,639,169.07086884705603,118.92853431204364,162.6063462063286,77.34565762192621,90.24386833611649,152.34222178098008,49.70845924808288, 
267,663,176.3472015715212,110.6279052951887,136.89775791040648,195.29094788560542,124.36514816611857,134.81515653314477,154.36888266812048,46.99121039611796
268,644,195.2748919971756,135.72783636406,159.310061667998,196.99433725646384,124.61106874547096,131.06453476888765,182.26794794248477, 
269,3048,157.8320667544793,70.97599276643024,130.62306040740324,175.95592025698022,75.56857519264652,87.16824350277469,159.9636935363506, 
270,650,155.8418783105201,122.30871078678614,111.26266233715316,204.30145916394798,106.87010392665172,104.70918430587905,138.61310702214135,48.21813050765833
271,601,169.91463575614657,106.89939676555309,115.07230804825805,186.24832483040313,75.71001353055865,86.99751232596118,150.86640720062212, 
272,3066,117.4780259902949,42.989778348650646,74.66796466986898,119.39324416623774,74.74240590034906,70.11866020508438,102.91875535886656,23.806762021957656
273,543,133.95251479766605,93.58810140521406,120.55726331789947,164.94522199244025,65.71929627633249,57.351889286568046,102.56548821587003, 
274,757,144.501632048984,99.70191132213515,123.98615529423782,195.51171715785546,77.85397413933582,81.71524505848608,141.46450504047726,42.37618603349639
275,568,156.56622934782877,57.07396649761726,77.28802045193478,161.61241962668282,64.03962605147443,55.32522839942763,147.4689430121003,37.030643720113225
276,893,171.0097419859836,104.05555243752644,152.2736829451848,186.56049434512877,81.92202920820579,74.74421214748043,154.26387138914396,51.03268199678362
277,590,175.95592025698022,103.40192056917383,126.60125718943013,229.56170339711954,101.89463281675374,93.20952800360831,144.99585387660198,48.801043207054875
278,675,151.42363955538005,118.90598280837708,131.43859255266497,175.61089079333607,118.77965185108347,107.98765209289402,115.04576996429934,46.775549962248284
279,3069,154.5053217349135,104.63846513692299,134.02052459592508,153.26877716716436,93.69242869514744,80.2025839489175,143.3471277862698,50.620500474200576
280,3070,169.33172305675,59.717786809929066,143.55928529313798,92.86806564998133,87.89259454008335,169.33172305675,35.211186452967524, 
281,3323,176.43397662890712,70.98641077894345,130.52511916544532,164.44712315179135,94.7931728009011,101.43741246985327,180.01025472208798,34.5355963015003
282,634,169.41541465740946,177.44083025601066,196.94222839512778,97.3219832919982,87.0876353588417,169.41541465740946, , 
283,653,172.24410622057198,52.49142799788477,88.00005067098878,197.75553482298315,100.10495204180009,104.72869773706475,163.14549729100278,54.33220494334754
284,597,178.8241223358048,107.89832261631794,121.38290357266065,258.89064130395866,79.33020818996877,77.03194637883736,126.41074806266282,44.99793849543231
285,562,137.78874397697527,87.99260654794078,95.44116679333708,175.98521309588156,98.32643745141843,91.1193275517917,118.05759071419685,50.620500474200576
286,941,160.21364608024072,101.00353718292374,179.54554486789388,181.64048007206142,97.14226626377346,95.40676511605535,133.44419828025644, 
287,551,153.93756180038113,56.399918074513266,139.80599954242942,218.18423652034338,88.00260509017897,98.36328398062906,117.82768063902869,52.32404479656588
288,3096,153.85439923725798,61.81336061889417,46.6404976723116,227.72905456374795,106.8236329412323,98.98304320923624,134.3863900845956,44.83055529411341
289,973,148.94693792561898,98.8386309818589,111.50411268292272,192.46034050805028,128.34999528761978,147.2982118352868,108.78957320165485, 
290,566,166.03427087608563,53.91795265486499,109.34319306215005,197.74798113267389,86.89750031810377,68.09072210834888,140.5740026271992,29.411352297903445
291,3064,195.34561116613162,92.04370260481522,165.4220653377877,172.55845606845836,96.19481066954711,93.13880883465225,192.7725100227759, 
292,608,160.405167897835,140.8033194818154,157.63204273876443,179.52411562231555,108.61884202484136,128.76217681020282,131.64744746828418,43.413390574573846
293,3332,107.25750822816187,40.894843144483076,87.64061661453933,156.09821690238567,73.26106301133574,66.36266508367878,80.48806042817756,29.91185060623563
294,585,180.8313793590208,139.26673889049397,83.67076730639542,192.01886614656587,107.9359173175874,111.26266233715316,163.11970737910292,39.262282509841974
295,417,161.81244364239768,113.76504431155283,124.99395742915266,191.77741580079632,89.05841993887644,82.09276038501928,151.52003906897474,54.25941500849197
296,652,230.04460408865867,142.86422709473067,146.40312962116462,213.81092702225953,112.76995008957324,116.99177732326118,223.2789685505164,50.620500474200576
297,621,117.43336125200685,66.88692792225694,48.33750099519458,151.54997051267364,81.5391405245241,68.44887895520324,79.33020818996877, 
298,724,173.61761889265043,50.11511246201056,115.00876848358186,123.28684599677023,103.82244933837056,81.84413043496986,163.86691982309188,38.71313288292961
299,3029,192.9556845937565,54.190985739957945,166.90149241240837,76.90561542154377,96.06502216949765,185.62957829262294,42.6996766843009, 
300,706,120.62042879654625,82.50855440186507,77.95924993708047,141.53894627095733,92.44407933802873,96.02035743120962,85.21708192118689, 
301,389,189.51190437132212,58.85067484086756,112.06097095165124,203.1725898616268,106.56947468252751,107.69138351509137,169.78973695995495,44.21696297895915
302,584,156.80767969359835,63.21526300630833,126.91342670415577,204.95509103230057,80.17329111001617,89.54132063041557,126.67197635838622,44.649935142323
303,692,198.414849951498,183.368317962209,118.22200002605055,212.20442081828642,109.15528373881848,111.88486641768924,196.94222839512778,42.484016250431225
304,3072,119.63559763557298,62.04943760751524,78.45384585072787,140.6740146350566,82.84640426122931,97.18990489152671,106.45792240406868,40.59883908544855
305,738,138.3333779860592,60.72845326704782,117.52269072858293,159.7910465451445,76.7269564683916,80.58716931246931,118.16967203019196,37.88749262816841
306,3335,173.74394984994402,129.05100126495748,132.60622419858944,211.50511152081884,131.65425298653466,115.96073969563663,154.06389275767472,41.96336590611579
307,3047,161.30025011195718,62.290887953284795,147.4689430121003,124.34032556080004,112.91138842748538,125.84761331322011,161.7831508034963,39.84519520923852
308,3334,173.61761889265043,73.99737378952085,189.27413070283094,110.10725495087327,118.34833098334414,150.2930093901731,39.665104094984386, 
309,618,161.61241962668282,72.41256134989425,99.39225084235409,154.91750325749658,77.87093315133133,79.76110958743311,118.91124659826431,48.801043207054875
310,667,155.9308337010668,70.53148033246497,142.62491169787626,209.20684970968742,76.90561542154377,98.79460484836841,123.59183590721598, 
311,683,188.8628523038136,81.26839733985318,182.2386551035834,82.84640426122931,91.49008274432005,166.51717156762473,37.78428759632326, 
312,696,170.73899880131268,83.08785460699887,83.15857377595493,228.56660917513997,107.04083510346523,96.5776993532288,130.58163407734853,35.62336797555058
313,760,153.33949633612042,134.49129179631083,145.10799937561276,186.9726758677118,95.51188596229314,84.25368000579196,131.4767162914707,55.01305888470201
314,3012,138.75597752115544,105.91227570415778,70.26754266604452,169.20697921206528,88.61364298614305,98.2950096636019,123.14923928764335,43.349212405100104
315,711,139.54928686453442,100.38994486776947,86.05399792778137,191.86099783419448,115.2033737579026,95.22704808783062,112.1354121821313,40.82040191400301
316,3073,154.8467840885405,37.10136288906929,162.1246131571233,87.82187537112729,83.42931696062585,133.19616155075894,35.62336797555058, 
317,805,129.44532065197933,94.71873157042101,139.59033910855973,156.23582361151256,93.03044958018114,84.6630425904167,117.0020403842675,15.172862946582582
318,759,154.16385938128653,48.701031199197445,199.667450407677,260.3803314395857,73.4783747408299,89.05841993887644,125.1939814448675, 
319,3311,176.9422931463167,108.33581039751022,184.85732410879288,182.5082306459205,134.67138291056497,114.08146492533875,174.36987599200413,37.67799910775165
320,765,171.73409302329227,68.33217245411845,105.53354735104516,179.25337243764463,113.8357634805089,121.2843237259052,165.69280852245862, 
321,3336,145.64948574495457,73.99056827127038,103.20189655345898,186.6605063529862,77.70020197451784,92.1144217737713,139.12530055258182,51.03268199678362
322,677,145.54947373709717,81.88060287815108,91.60222824333081,183.0630181487495,66.85417754059972,61.97871843855916,119.05268493617643,44.649935142323
323,3071,99.9258698586189,69.30718569756665,61.51339189301976,119.92354995706334,71.55644777729474,67.60997075966915,76.98664679550578, 
324,3004,151.93222059155778,44.649935142323,110.85048081457012,158.38568661497447,95.54117880119449,94.44607257135748,124.78179992228446,32.22590378702874
325,679,136.48132528876314,96.20007445943433,108.30497583024564,172.85769853572623,108.48469285847038,115.02365672967787,132.11173785220328,44.03724595073443
326,756,177.0167343767968,41.50843545963733,104.36926368061529,143.09473039045074,78.82700051093953,80.23390216947277,169.61001993173022,41.328718431412604
327,768,155.28385239945777,83.71107137836191,109.33394269197066,187.4071897594389,113.23115701676588,117.43336125200685,127.88336961903303,50.33077289588023
328,3044,210.76880074263372,108.54530391792697,229.9805354864462,228.76057584466318,97.41131276857428,100.57221631518438,177.38850226015205, 
329,462,188.2698314949176,44.2616277172472,194.08631475896343,214.108363242396,100.05156597086895,101.52418752723916,168.5004449260722,51.37207358451109
330,3339,186.46048233727134,68.74435397670149,106.84081108775037,188.55068278908797,150.62495685485257,120.70141102650865,182.33866711144083,52.61068891815977
331,909,167.02936509806523,125.22327428376886,98.15570627460494,205.67944206960928,104.36772195225207,108.44811084802788,155.42969678793705,45.23284784171955
332,3042,163.77759034651578,92.94112010360504,114.05679727152707,175.26889940217282,109.8915945170036,97.23265381542211,145.78581524448637,51.58773401838077
333,794,180.69828826772232,106.67475048027218,131.0642702501195,166.97593364288844,74.45741307437966,104.29482245013521,167.08120944063313, 
334,720,234.0913848634572,161.84929017160832,146.78861810828212,163.9221121411544,75.30336031663097,77.4101003101681,224.001029687403,48.44097054580787
335,3333,254.42044863898946,152.71760215859808,100.96653570220622,207.0872468517082,108.41897296063338,108.11398305018761,234.8297210232962,40.70640478361525
336,665,120.15571894235214,108.84412691491983,146.7454497141117,79.44059282609378,98.18973386585725,86.95258306890501,40.20680959884875, 
337,995,138.27164466851437,56.90323532080377,110.85048081457012,171.39263066966527,67.43709023999627,68.26145328516237,108.34809884017044,41.423202130614655
338,936,148.97623076452035,62.63235030691178,124.8525190912405,183.09231098765088,106.62865358088217,124.26960639184396,105.05064665950604, 
339,708,143.97146681572104,41.66465247638421,76.70510775253825,116.4795837928207,116.30885261600721,135.86927470197213,140.7447338040127,24.02369966542242
340,3341,174.22759871354197,171.84000742583447,154.02689127695723,185.62957829262294,123.59183590721598,121.38290357266065,172.36065777014988,43.740977372931766
341,725,148.6047273999332,46.775549962248284,166.8121629358323,180.20741441559892,86.65631449110234,96.06502216949765,107.37767227200251, 
342,3050,159.9636935363506,53.43505196332586,83.74148647535148,156.32477900205922,75.95146387632822,79.76110958743311,142.08129037961925,46.05721088688565
343,763,145.8202169217681,41.252470953801165,109.10174271638049,195.85780469657212,98.08498710564886,99.0093621586724,119.12340410513251,37.61355641950976
344,948,195.90092770649693,160.04370845973168,136.46643704266714,216.83794592126677,130.27096090674053,108.11398305018761,170.0623959590185,63.94168480951652
345,818,169.02109527038763,106.85702192768709,144.40252316469224,244.14909922511544,67.49690774314845,79.8508585342842,149.86168852243375, 
346,992,200.839442719923,144.5288541219858,136.12444565150386,225.33168386832477,103.91177881494664,109.2446132153946,185.62957829262294,51.803394452250444
347,912,165.79282053031605,79.61967124952096,177.1217456557733,171.97554336906182,101.58246330202812,100.07517554960806,153.1980579982083, 
348,403,143.9188743010943,106.24704210679556,111.02222468221056,190.17377391902716,115.13509944087545,105.0794104608711,121.81422444040001, 
349,960,129.14033074153357,69.79516955427987,135.2094759201666,130.61295229790377,68.0175580874639,81.10781965678474,121.29357409608458, 
350,3322,158.16231753928867,47.25408998746585,90.24386833611649,145.98297493799728,98.18973386585725,100.46438609824955,147.89819311394012,36.704972736147944
351,862,117.40395884584422,48.38886168447183,108.51883001698394,142.90565342478536,95.27043561652357,98.66789980504541,101.24100094840115, 
352,888,116.40886462386463,48.38886168447183,84.49513035156151,160.88806858937414,56.66178497503421,66.02981449543363,76.97585093720916, 
353,830,165.62208935350256,149.28840027924596,183.4044805023765,106.94082309560781,114.38938334100409,133.2254543896603,47.05230510886524, 
354,1141,155.25896561112353,71.8296486504977,100.14589471856412,162.507501840805,68.77364681560285,97.3606360683402,132.4718105134503,34.21609223098793
355,923,145.06657304555804,65.61763297285057,84.35369201364938,144.2129171614906,88.81696959310688,96.43626101531666,116.72103413859027,38.77938181830285
356,897,152.95581409613433,43.67781189428497,100.28466907002482,156.06738233512107,98.98304320923624,94.97288982912582,123.47783877682822,21.891543846014816
357,742,166.0758521576472,101.00353718292374,133.30553349605702,184.9825969910139,66.23994662064793,68.0175580874639,137.72339816516768,37.67183219429874
358,989,180.63873528333826,95.45504234860613,146.91644540969332,214.108363242396,81.93345991154594,101.61351700381525,154.88953301243592, 
359,878,164.81889103514666,72.61408170972672,120.2152719267362,201.97007288512995,92.81478914631147,98.66827389107482,142.4092512640066,47.20687082998763
360,3031,163.04898821014683,137.71802480801918,94.51679174031354,174.20718215879057,99.49226285021152,92.48517696629963,146.1323864364937,53.193601617556304
361,1023,156.90769170145575,86.58533080337814,131.78888580619633,208.1111048750529,83.67076730639542,92.1144217737713,116.82104614644767, 
362,993,175.6406672855281,150.53227940278188,129.94236141755565,202.99287283340206,87.78949907549946,90.34914413386116,161.58971317150937,50.14233453501241
363,970,175.61089079333607,81.93345991154594,110.71723477176481,145.96447419763854,108.50830243720948,165.03455146901632,38.92879331679928, 
364,950,159.13933049118452,123.95743687711833,56.078872275637664,181.68503524308824,106.14575288934304,105.97502171252955,137.78874397697527,44.82066631913649
365,798,130.4816220694911,88.98770076992038,95.44116679333708,187.8263317517793,70.25164172912156,88.16333772475427,97.84353675987931, 
366,3342,159.89297436739457,114.68941936457638,102.98973904659078,153.92240903551698,76.87583892935174,84.97803104310064,157.76134758552323,42.589027529407744
367,829,149.04694993347644,65.44690179603708,100.58736908004853,176.53883295637675,81.26839733985318,97.91425592883537,127.0134387120132,44.40848479655344
368,837,142.53558222130016,90.64285829247363,52.32404479656588,195.81159822992083,120.55726331789947,105.16873993744719,120.77292375176913,40.92206521748493
369,841,130.4816220694911,109.78466742363445,62.290887953284795,190.71160240986063,84.1829608368359,88.40478807052384,108.86029237061094,40.186657562865506
370,754,115.96073969563663,37.1511818499833,106.94635140426315,142.53558222130016,86.65631449110234,82.2754513027092,92.42046975928962, 
371,847,167.61227779746176,118.74051542145081,187.79703891287792,210.1012933190121,83.25858578381236,90.15352616871347,147.98113654254075, 
372,815,128.71517678724712,45.084713552818215,80.56250165865764,150.93532012244683,106.6439159130076,100.89826138517908,101.5862949308134,41.328718431412604
373,966,147.83141514103062,64.8936560215713,90.9108467222019,220.5718278080509,69.05885877609475,61.42776256451543,125.0644574635862,45.734249273617415
374,980,148.07791014216485,72.28803663973203,98.69805038326685,172.1388304228273,113.54231384066456,109.96603574748366,114.23034738629889,33.488128699416514
375,3065,169.1104247469637,97.96896459360723,139.1590182408204,195.46960683875758,100.4458853578908,91.25283811336516,161.56865801196045,49.28947220724937
376,3345,153.41691145606572,102.47615873929395,113.75180736108132,162.39429826672165,99.92523501357536,108.50830243720948,138.45970894335278,49.50513264111904
377,905,125.15378694016228,35.89422072748276,109.02895278152491,139.71667006585332,81.4128095672305,84.57371311384061,102.13416734813067,42.17902633998547
378,784,123.07118556290055,47.816850650879154,76.6899549876741,141.58361100924537,83.31675199134007,131.13360264221922,92.81478914631147,26.0541921813481
379,3022,112.25775655913276,78.5538578585853,101.07026977158766,165.2099078309195,90.97788921387958,92.7266273120692,102.16537600142466,43.0012090519908
380,3076,206.2246051162295,109.11828225810099,189.36346017940704,76.07997516678257,69.27451920996444,193.6919953719416,38.71313288292961, 
381,3077,139.71667006585332,63.726024375646844,112.71050667245045,177.1728418262824,82.45411025586137,99.09959475881416,98.27395450405298, 
382,3348,153.41691145606572,78.2889075013379,148.38906696606352,222.17078032171472,75.1280039547278,90.42719785860398,126.19508762879315,37.67183219429874
383,3350,189.61612209399422,90.42719785860398,193.04501407033257,199.02482977238952,96.496343037237,100.05156597086895,173.43895993949826,37.67183219429874
384,1178,164.29824069083122,134.5994960992751,122.11921435084577,178.51913242535903,82.79610164702464,86.96130440154809,144.5288541219858,34.63725960498222
385,766,184.2832876935463,142.4462527447241,163.34626947877643,212.11509134171035,106.73069097039348,91.03717767949549,136.25077660879745,52.84469514088131
386,1189,100.05156597086895,40.70640478361525,103.91177881494664,119.73162306313826,60.691451786330326,71.78844145496552,88.95457630223375,32.338997793850815
387,957,194.5919672899216,72.31254934203682,85.14876221991413,218.9985556390257,74.71491930857906,82.26349156183277,164.93916464624857,60.15926117141347
388,3001,167.11715284627806,65.28797540859314,95.11305095744287,239.21058421168937,74.82301404428203,82.66977068973104,121.20424461950847,46.25489961793285
389,3020,106.04574088148564,60.12996833251212,135.35708117153166,81.43912851666666,82.60495391545975,89.98279499189996,24.194430842235914, 
390,3349,175.82038431375284,100.21022783954476,96.88810800506866,186.08450873910138,94.7931728009011,103.68123013498096,143.2000061881954,36.27109744921841
391,846,153.26877716716436,77.80021398237527,149.35911944820205,197.6772619637178,88.37549523162248,96.50698018427272,134.4619989574095, 
392,3079,152.24439010628342,38.60865064148936,114.90157687144455,58.6519734189934,68.43218446197587,156.112621495191,33.39172918582182, 
393,3343,205.01336680708957,112.67456326680549,118.06078373818457,203.35230688985155,89.12195950355265,81.28136977155656,189.22691154535272,45.95246412667727
394,1038,120.87214220332213,71.8296486504977,113.66503230369541,135.96928670982953,77.45875162874829,71.0052856053316,110.36758012303099, 
395,921,148.6347684108934,99.59227485806895,117.88685953738334,186.00687448463358,74.64420013962298,81.60985969348016,133.2254543896603,58.23979189641035
396,1014,136.98708738698258,116.08707065293021,131.00727168492563,156.02016317764287,68.0175580874639,91.03717767949549,117.52269072858293, 
397,856,154.09314021233044,63.62744452889138,90.4656956834391,178.77047174610553,80.78549664831405,70.25164172912156,118.46977223677989,47.80594898507528
398,828,187.6556005749658,102.40682634719424,150.2834945012256,233.8835426386649,99.66299402702501,75.71001353055865,149.35911944820205,42.418296352594254
399,3346,131.71816663724027,47.05230510886524,95.68261713910663,180.7606601900647,117.88685953738334,39.84519520923852, , 
400,889,139.0696887642443,107.80899313974186,109.9809239935797,213.2827229876348,63.63669489907076,67.49690774314845,117.0020403842675,37.1511818499833
401,3080,130.09230195358836,43.740977372931766,112.06352537084142,145.78581524448637,102.69181917316362,83.1010915574704,98.920935805662, 
402,3074,212.81583280027994,96.09479866168968,179.9362971448986,220.88873207512748,95.27043561652357,127.25488905778276,197.98943147844344, 
403,927,154.57604090386957,97.87282959878065,139.43747006730746,168.99026070312303,89.9120758229439,99.90444437279457,148.3933180651238,44.23775361973995
404,3352,134.43270611850812,89.81206381508649,88.3047760626664,152.48584045205297,30.81862804246609,54.33013417744803,125.09396943701009,40.84028943121811
405,1056,129.66098108584902,99.44158614997744,60.565120829036736,158.53408542264395,73.87104283222725,64.98298549814739,117.43336125200685,42.484016250431225
406,1079,148.6347684108934,71.0052856053316,122.3794299557422,191.0530647634876,96.60699219213016,100.89953859477416,125.33541978277962,31.230809565049146
407,3353,144.31319368811614,60.260130918590974,153.93756180038113,201.14443263036875,93.76676035836626,104.95307950357751,133.95251479766605,38.92879331679928
408,906,127.66770918516336,67.40757826657239,153.5062409326418,160.95867819106894,81.32348009065443,97.3219832919982,80.6764987890454, 
409,3082,156.02016317764287,55.44794686245848,42.484016250431225,196.72656796125813,116.13939864878883,101.61351700381525,136.7714269531129,34.116609260666785
410,427,156.17265813286576,82.76271266056986,89.7355518187069,170.657487533814,112.42040500810069,110.75934509086267,96.70839097684393,45.084713552818215
411,3319,170.4975484555431,47.12302427782131,73.13691238720293,149.9420321475986,63.62744452889138,81.09766616303968,158.72714896860148,38.02573794209282
412,3078,171.62434699196479,128.65668187793565,131.00727168492563,201.10743114965123,95.23938191473647,117.52269072858293,158.74974585651364,46.775549962248284
413,967,187.05753511070512,129.17988664144124,223.22335676217884,252.44717382278014,74.48824764164425,67.769566742212,171.0913628207435,36.01693919051361
414,3040,188.8214259737589,128.562152794488,178.599740569292,135.52781234834512,168.33662883477044,173.3120999446684,20.214053954317528, 
415,1138,170.25609810977355,114.34795701094937,120.63069185755256,193.21398438426033,104.39701479115342,101.99464482461119,153.26877716716436,52.26922656453277
416,3351,190.44176234875542,116.91271090769142,108.59763191378556,225.90466220849882,110.71723477176481,125.89009771834739,170.0623959590185,47.51186074043339
417,3075,173.82429347510887,115.10160088715942,129.3865158396541,224.68624429507904,131.13525393784371,100.04588271070669,133.1254423818029,44.40848479655344
418,3014,141.79927144311506,51.67706349495686,91.46849854723483,158.31842498877427,58.91384031951434,59.12950075338402,108.11398305018761,26.79050295953321
419,1161,141.06296066492993,50.851423240195665,172.88130811446533,151.9442898996955,99.01026528223808,112.71050667245045,104.43242915926209,29.304425204534294
420,853,163.04127956833068,102.22349682470676,117.52269072858293,190.87308321649476,124.84879702971652,108.2033125267637,138.67536937722247,40.70640478361525
421,1066,177.35150077943456,69.05885877609475,74.69668308698846,267.56303820416883,79.1145477560991,62.25340281927662,146.39579506537788,40.92206521748493
422,1025,134.70344930317904,62.04943760751524,93.35096634152045,170.73899880131268,72.14181816522333,69.42727868395545,116.9624844843598,55.183790061515495
423,3083,156.45148404538222,105.60006080518654,135.9457866983517,181.33804458080584,100.78787674905405,90.64285829247363,137.54473921201551, 
424,3340,155.42969678793705,62.46161913009829,113.42358195792585,195.10416082036207,89.71205180722905,80.44403429468707,128.42071445657584,44.649935142323
425,3354,131.40599712251463,78.62457702754138,79.9318407642466,169.09027271098049,86.07313727293766,94.03389104877442,133.7376479201008,36.20628067494712
426,3337,166.16518163422327,38.71313288292961,86.83497344425452,165.64453128990783,92.29413880199603,66.97625739883303,145.87514472106244,51.58773401838077
427,3086,143.75930930885283,79.79040242633447,101.72390163994027,152.2736829451848,100.55807624114718,112.08702538231927,94.13390305663185, 
428,3023,160.00670697901418,47.3855297831398,88.30759500062473,163.00427808761316,63.42103446520108,69.88449903085596,155.71517326719712,29.304425204534294
429,1013,140.020382766704,85.69024858925597,114.90157687144455,203.06491459619886,68.33217245411845,71.31745512005723,92.18514094272736,26.596800808778152
430,1063,162.05389398816723,57.41542885124425,171.56336184647878,174.3779133356041,107.5530286339057,87.82187537112729,143.90074764676496, 
431,1051,169.9360650017249,56.399918074513266,147.8684166217481,151.72862946582583,75.34366438859747,92.38346827857211,151.8549604231194,40.18575443929982
432,1148,156.38320972835507,103.20374818483594,147.4643178270106,196.1253094730097,100.28466907002482,97.93557560715244,129.3287691024014,40.02709257062402
433,1144,217.75291565260406,109.46027364926424,180.20741441559892,222.34943927486688,111.23788511608024,112.71050667245045,206.56659650739275, 
434,3011,185.32458838217718,64.24667471996227,170.67237577991,144.40252316469224,86.65631449110234,89.69088708041886,177.9984820810436, 
435,1044,145.13729221451413,101.75319447884162,104.53845312906554,147.0274686506159,102.06536399356725,95.02898527075402,134.2205486116399, 
436,1021,164.35625194685204,94.13390305663185,221.5009376134254,174.3779133356041,89.4706014614595,80.51475346364313,142.35203356429017,44.40848479655344
437,3005,139.71667006585332,107.80899313974186,179.38177416083772,161.78431844583014,96.37001207994341,103.69611838107697,117.0020403842675, 
438,3084,125.1939814448675,79.3782209037514,132.05962899086725,162.22462516498072,79.61967124952096,75.98075671522957,102.88972703873335,51.03268199678362
439,1031,120.03661297358401,90.33786838202788,68.53820843177932,155.10519344630558,68.96952929951867,71.48345154451975,95.54437182518222,48.55316142906426
440,986,168.87811520411225,67.43709023999627,93.86315987196093,209.54767345851687,80.7562038094127,80.44403429468707,123.10378099305088, 
441,1127,147.39822384314422,53.91795265486499,102.64827669296379,123.99886320717304,88.16333772475427,73.16620522610427,145.99094809858158, 
442,977,167.80007755353202,107.18306699768178,101.25769544162854,234.08830140673072,110.57962806263791,101.00353718292374,126.29164209389471,46.132181154902
443,930,213.10811479779042,75.07100538953392,186.2642257673261,91.471052966425,103.50151310675624,208.7693619284952, , 
444,3355,139.33745805945003,73.4783747408299,83.22929294491101,141.98127837176182,70.49309207489112,80.99765415518226,129.72797819328107,39.433013686655464
445,3356,158.00279793129278,58.82270459580689,133.2254543896603,151.52003906897474,82.98784259914144,87.72186336326986,141.8398400338497,33.22099800900834
446,365,132.21701364994794,41.074560172707805,119.28796836849308,149.55925303117817,87.20674132760979,93.67126396833724,98.98304320923624,32.0067858104032
447,1228,145.35449437674703,86.35132458065658,123.98615529423782,159.0547357669594,89.99587699086462,111.66920598381957,123.59183590721598,30.561386327034835
448,3085,219.53052711942004,47.601190217009474,138.3333779860592,188.75348035851553,69.66883859698628,89.3488956892556,209.08051875239383,37.67183219429874
449,3344,138.76469885379854,95.15005243816037,157.4927847340131,175.17956992559672,104.64808959313176,107.16201183813284,123.07118556290055,39.665104094984386
450,3025,141.79927144311506,90.64285829247363,88.6125849110705,196.1165881403666,80.5501678317518,79.63519810041453,105.0794104608711,40.490744349745576
451,1041,151.44931990001868,107.21156628027872,103.955540429669,213.29873349181906,96.26552983850317,98.66789980504541,125.91833248217617,49.21322472963793
452,1042,135.07442363022992,81.53552803026136,104.47453947835996,179.90497892434334,125.24417449181092,130.88455322189478,107.00334996945705,37.064406792597396
453,1019,204.6847673179047,199.01355402055626,166.31873466451873,259.52528877866183,97.576141550703,89.80999304918697,197.42693533379827,52.49142799788477
454,1057,158.24424827706235,116.75032697749161,144.312929169348,221.4595112833707,87.65114419431379,81.50984768562273,136.28145622455517,47.80594898507528
455,3087,109.8915945170036,62.96610401872262,86.33899075375075,132.8306059651022,85.7253984385965,93.56598817059259,95.22704808783062,42.73562008994585
456,1240,195.16461692831183,70.53148033246497,102.43915725857643,205.1833044275986,71.8777709315416,89.04390577880983,164.5139011247009,38.92879331679928
457,1060,175.26889940217282,53.060355574750986,54.40664617382762,210.21114891760078,73.35039248791182,56.9205684188287,144.6181835985619,33.07530857203592
458,3081,132.6955536751655,82.66977068973104,85.3993533686018,149.4303676546944,81.4128095672305,89.90654751428852,125.36944737403195,43.95663780680144
459,1085,152.85659564458132,31.81372226444569,86.14385644189372,177.36319600154283,77.70020197451784,77.52947079770436,117.81614036842727,29.823533820486496
460,1026,163.70262007849945,74.06128744022645,134.7741684721351,184.8410490858405,94.27534139454399,84.42441118260545,144.62509868407363, 
461,1059,172.05566785970413,85.48868284517788,155.28385239945777,230.57518879219666,94.50307113655136,86.52998353380876,140.02165997629908, 
462,3088,134.9448996489486,49.38395590645142,106.45792240406868,120.70141102650865,72.24183017308074,60.6421618629526,118.6405034135934,30.23571534306955
463,3019,151.42363955538005,109.80226504042751,139.89532901900552,196.1165881403666,93.03044958018114,91.59482950452842,147.13210584356298,43.740977372931766
464,353,146.85072551185633,46.3863394136068,114.15590615581883,157.2945669654296,75.86431473291292,74.81684713082912,141.71866329918208,39.77293431191922
465,3089,97.75330415973754,79.97718949157779,84.01606128880766,99.7465760604232,78.16257654404431,73.26106301133574,73.26106301133574, 
466,1050,174.54864451241755,115.82595192446809,102.64827669296379,193.69688507579943,81.92202920820579,73.30764356401642,203.57710812663933,41.83538365319771
467,399,160.43802784675353,142.05193335770224,122.6398646951612,206.04594616307733,103.5174594279248,87.91327561360288,141.4942815326693,43.65164789635568
468,1036,145.54947373709717,78.62457702754138,170.32681727872964,130.55234123844718,25.430975409985066, , , 
469,1170,153.67468220903322,83.1965879474994,125.13889869406627,224.15277647056703,98.54916792230671,89.91526884693164,103.86094716320571,50.57620982194193
470,3359,180.94372519378402,97.84263363631362,147.65275618787842,235.7446907546335,93.03044958018114,93.55109992449657,169.8467355251488,42.6996766843009
471,3357,140.75797075448418,77.55259672315279,117.39635977128937,197.37354926286713,72.0041018888352,84.6630425904167,123.28684599677023,41.658375995670035
472,3360,143.5951720352753,104.77688731580652,153.86567498909125,176.50101756324366,92.3849132762772,97.53373196278162,142.35709857576603,47.81234035014584
473,3090,145.16658505341545,102.23609517038075,104.53845312906554,189.85794652579318,92.04370260481522,92.96807765783876,110.5797376298992,43.82557209715689
474,437,184.74103707798307,170.22680527087218,146.78601830484632,77.52947079770436,92.62661530421177,171.56336184647878,49.04249355282443, 
475,1054,139.3667508983514,71.65891747368421,120.21851033496952,157.4906044008523,70.010191383352,89.299870284646,116.40886462386463, 
476,1193,149.04694993347644,55.25450923047157,106.01644804258426,171.90482420010576,89.19985827678858,91.70224025118824,116.4795837928207,45.6450293643026
477,1077,142.42275273324623,118.95267292831902,186.58978718403011,112.1870373901767,78.52456501968395,124.19888722288792, , 
478,3358,142.32274072538883,92.28515295058479,78.69529619649744,172.31700572268883,70.42237290593505,93.06808966569618,126.60125718943013,37.44282524269627
479,1242,163.86691982309188,108.02465357361154,174.7482490578574,112.83683762974402,94.19808122610559,128.53035092064206,40.92206521748493, 
480,1187,152.3736949530422,94.95826610179795,101.72390163994027,192.2188901622807,92.21443378162873,89.25844395459129,139.94966359774793,48.630312030241384
481,345,141.06296066492993,47.29620030656372,101.61351700381525,184.84093951857923,61.732752474961195,66.23994662064793,118.99531228495314,33.07530857203592
482,3058,158.78674733723113,44.2616277172472,166.16518163422327,209.72750005400286,126.10575815221706,126.84206893040216,124.75946755314044, 
483,3100,122.10868677107129,54.671596531075025,75.12710083116211,140.5740026271992,81.26839733985318,80.27330311787357,95.68261713910663,32.638085309611796
484,1150,128.24998327976235,58.6519734189934,159.89297436739457,114.07721382627847,76.70510775253825,65.34688978817965,106.21647205829913, 
485,3091,148.76594368779917,41.50843545963733,78.21340819578528,122.5048124052245,59.82370121247126,53.898329656418014,143.09473039045074,36.01693919051361
486,1090,150.14201077906785,36.09138042099369,208.4843691025258,111.19322037779217,103.50151310675624,116.39972382094653,39.59321728369449, 
487,1086,138.8545573679109,93.69242869514744,176.2266634416511,185.32394977737962,99.42154368125544,95.44116679333708,122.35013711684086, 
488,3092,151.69077024578823,74.57348097066692,102.8190078697773,195.82851185767075,109.51392423896353,97.91425592883537,107.28228544923479, 
489,3093,160.98808059723157,112.21633022907805,129.14506549388452,189.7872273568371,91.70224025118824,76.46365740676869,141.81054719494836,50.620500474200576
490,1093,163.53188890168596,100.8288194258181,182.89228697193602,209.8305501343412,134.2205486116399,129.79869736223714,151.27858872320516, 
491,1184,206.78225694126243,88.30759500062473,127.75703866173944,188.14350053762402,109.8915945170036,109.76526355971002,195.90092770649693,33.07530857203592
492,1221,159.35972567740515,79.94018801086028,134.56249461855757,168.9840937896701,68.53820843177932,70.01082998814954,148.38906696606352,42.6996766843009
493,1218,177.02173364791588,69.49799785291154,97.33134322943883,186.1483128225457,68.1907341162063,72.6540116956638,164.42697111580813,41.081739776987675
494,1096,175.09024044902065,101.00353718292374,113.10482605947229,209.5118396201332,119.30030219539891,107.03568088083927,169.75740604857273,50.76209376361958
495,1149,165.06071546694562,46.3863394136068,111.52181986697705,154.94547350255723,75.53571524372803,62.278070473088285,155.08158386756648,42.55590306172112
496,1188,136.0351161749278,71.05213067678042,38.92879331679928,169.7204045678552,109.46027364926424,88.4339259579183,106.6413614938174,40.92206521748493
497,3002,190.95305275563018,78.04166432814483,194.5919672899216,262.5412510603584,115.17232005611548,129.89870937009456,137.51800079230435, 
498,1196,127.88336961903303,99.01026528223808,96.28068260336732,131.13360264221922,102.87047812631579,108.63463339450306,96.19135312679124,29.82507554884973
499,3008,245.4832109487931,170.014647764004,254.06830375408111,137.10581926972128,108.61884202484136,126.84270753519972,237.6931883497698, 
500,3094,156.08332865628967,40.32809590077763,67.26635906318278,183.98739320177305,106.04574088148564,93.45097834937788,118.6405034135934,25.60170658679856
501,3032,176.9510144789598,57.315416843386814,123.68669369244742,134.36198694955203,64.45180757405748,86.31458761870722,181.34357288946123,21.79206087569367
502,1088,162.825619134461,92.81478914631147,103.4804579472073,204.26833469626135,93.55109992449657,84.44738215654701,148.38906696606352,46.47056005180252
503,1159,144.09753325424649,172.2343268128563,89.78021655699494,93.03044958018114,123.5025064306399,30.345725893165163, , 
